Lat,Lng,Group,Popup
85,75,bases, Base Near Desert Cave
67,79,bases, Edge of Desert Dome Base
48.9,8.4,crystal,
88.4,8.7,crystal,
45.8,9,crystal,
81.1,9.1,crystal,
78.9,10.4,crystal,
52.5,10.9,crystal,
28.4,11.1,crystal,
25.6,11.4,crystal,
27.9,12,crystal,
33.3,12.2,crystal,
69.1,12.6,crystal,
31,12.6,crystal,
17.3,12.7,crystal,
9.6,13.1,crystal,
90.3,13.4,crystal,
90.9,13.5,crystal,
17.3,13.7,crystal,
90.5,14,crystal,
87.6,14.2,crystal,
53.7,14.5,crystal,
13.3,14.8,crystal,
47.8,15.1,crystal,
25.9,15.2,crystal,
55.3,15.3,crystal,
76.6,15.7,crystal,
73.3,16,crystal,
26.2,16.5,crystal,
67.5,16.5,crystal,
16.7,16.7,crystal,
35.4,17.2,crystal,
16,17.4,crystal,
81.6,18,crystal,
89.5,18.2,crystal,
35.3,18.4,crystal,
34.2,18.5,crystal,
16,18.9,crystal,
75.8,19,crystal,
32.7,19.2,crystal,
30.2,19.7,crystal,
19.9,20,crystal,
24.9,20.5,crystal,
32.8,20.9,crystal,
71.4,21.1,crystal,
86.6,21.4,crystal,
54.4,21.4,crystal,
49.6,21.6,crystal,
10.1,22,crystal,
67,22.2,crystal,
17.4,22.2,crystal,
81.2,22.2,crystal,
83.9,22.4,crystal,
69.4,22.6,crystal,
34.8,22.6,crystal,
84.3,22.8,crystal,
43.3,23,crystal,
35.9,23.1,crystal,
40.6,23.1,crystal,
17.1,23.2,crystal,
17.1,23.6,crystal,
17.5,24.7,crystal,
75.3,24.7,crystal,
84.9,24.8,crystal,
87.4,24.8,crystal,
18.3,24.9,crystal,
41,25.3,crystal,
29.2,26.4,crystal,
17,26.4,crystal,
83.5,26.6,crystal,
82.8,27.1,crystal,
64.7,27.4,crystal,
73.8,27.6,crystal,
67.5,28,crystal,
66.5,28.1,crystal,
28.6,28.2,crystal,
47,28.5,crystal,
9.6,28.6,crystal,
64.6,28.7,crystal,
75.9,28.7,crystal,
18.7,28.8,crystal,
67.3,29.7,crystal,
85.5,29.8,crystal,
41.2,29.9,crystal,
21.6,30.2,crystal,
56.7,30.6,crystal,
34.8,30.5,crystal,
52,30.8,crystal,
34.9,31,crystal,
26.7,31.1,crystal,
16.6,31.1,crystal,
76.2,31.2,crystal,
49,31.5,crystal,
78,31.6,crystal,
55.4,32.3,crystal,
73.6,32.5,crystal,
55.9,32.7,crystal,
45.1,32.6,crystal,
82.5,33.4,crystal,
11.3,33.5,crystal,
14.9,33.8,crystal,
53.7,34.4,crystal,
84.3,34.5,crystal,
18.2,34.6,crystal,
46.7,35.1,crystal,
71.9,35.7,crystal,
55.3,35.7,crystal,
59.8,35.8,crystal,
52.1,36,crystal,
52.6,36.1,crystal,
53.7,36.3,crystal,
22.4,36.5,crystal,
53.9,36.5,crystal,
53.4,36.8,crystal,
56.5,37.9,crystal,
41.6,38,crystal,
21.8,38,crystal,
51.5,38.2,crystal,
16.2,38.2,crystal,
19.6,38.3,crystal,
72.4,38.4,crystal,
59.6,38.4,crystal,
84.3,38.9,crystal,
42.4,38.9,crystal,
48.2,39,crystal,
51.6,39.3,crystal,
1.8,39.5,crystal,
79.4,39.7,crystal,
51.9,39.7,crystal,
53.4,40.1,crystal,
83.8,40.3,crystal,
31.9,40.7,crystal,
1.3,40.7,crystal,
52.1,40.9,crystal,
40.9,40.9,crystal,
42.7,41.2,crystal,
53.2,41.7,crystal,
40.8,41.8,crystal,
6.2,42.1,crystal,
74.4,42.1,crystal,
54.1,42.1,crystal,
57.4,42.3,crystal,
41.8,42.3,crystal,
40.7,42.3,crystal,
54.7,42.4,crystal,
71.9,42.4,crystal,
54,42.7,crystal,
41.8,42.7,crystal,
55.2,42.8,crystal,
5,42.8,crystal,
54.3,42.9,crystal,
77.1,43.2,crystal,
74.8,43.7,crystal,
84.8,43.9,crystal,
68.9,44.5,crystal,
60.4,44.5,crystal,
54.5,44.8,crystal,
41.8,44.6,crystal,
26.7,44.9,crystal,
78.4,44.8,crystal,
59.4,44.9,crystal,
5.3,45.1,crystal,
12.6,45.1,crystal,
4.2,45.4,crystal,
3.1,45.3,crystal,
58.5,45.6,crystal,
57.6,45.6,crystal,
42.2,45.7,crystal,
57.2,45.8,crystal,
61.3,45.9,crystal,
42.8,46,crystal,
13.6,45.9,crystal,
71.8,46,crystal,
56.5,46.1,crystal,
55.3,46.2,crystal,
54.4,46.3,crystal,
23.4,46.5,crystal,
40.1,46.6,crystal,
45.3,46.6,crystal,
56.3,46.6,crystal,
3.7,46.7,crystal,
9.5,46.7,crystal,
10.5,46.8,crystal,
56.8,46.9,crystal,
26.9,47,crystal,
42,47.1,crystal,
2.1,47.2,crystal,
57,47.3,crystal,
24,47.7,crystal,
12,47.8,crystal,
12.7,47.8,crystal,
60.1,47.9,crystal,
48.4,47.9,crystal,
1.3,48.2,crystal,
12,48.4,crystal,
65.7,48.8,crystal,
59.9,49.3,crystal,
27.2,49.6,crystal,
71.4,49.7,crystal,
12.7,49.7,crystal,
20.1,49.7,crystal,
13.1,50.2,crystal,
49.1,50.1,crystal,
12.3,50.3,crystal,
53.8,50.5,crystal,
14,50.7,crystal,
58.8,50.9,crystal,
58.2,50.9,crystal,
41.1,51.3,crystal,
20.2,51.6,crystal,
26.3,51.8,crystal,
65.2,51.7,crystal,
58.4,52.1,crystal,
78.8,52.3,crystal,
47.2,52.4,crystal,
53.8,52.8,crystal,
24.6,53.5,crystal,
70.8,53.6,crystal,
56.7,53.6,crystal,
58.8,53.8,crystal,
44.1,53.9,crystal,
53.4,53.9,crystal,
48.4,54.2,crystal,
43.8,54.5,crystal,
89.1,54.6,crystal,
50.8,54.7,crystal,
18.7,54.9,crystal,
22.4,55.1,crystal,
77.1,55.6,crystal,
90.6,55.7,crystal,
24.5,56,crystal,
50.4,56.1,crystal,
63.9,56.3,crystal,
27.2,56.5,crystal,
49.8,57.2,crystal,
52.5,57.1,crystal,
47.7,57.3,crystal,
85.5,57.8,crystal,
56.1,58.2,crystal,
46.3,58.2,crystal,
14.7,58.4,crystal,
56.9,58.4,crystal,
79.9,58.4,crystal,
10.8,58.9,crystal,
71.3,58.9,crystal,
86.2,59,crystal,
82.7,59.2,crystal,
19.7,59.2,crystal,
27.8,59.5,crystal,
33.4,59.5,crystal,
51.4,59.5,crystal,
26.8,59.5,crystal,
72.1,59.8,crystal,
31.3,60,crystal,
23.2,60.1,crystal,
89.2,60.3,crystal,
44.7,60.2,crystal,
47.8,60.2,crystal,
60.1,60.3,crystal,
16.4,60.4,crystal,
85.4,60.5,crystal,
36,60.9,crystal,
47.4,60.9,crystal,
47.9,61,crystal,
44.7,61,crystal,
54.3,61.1,crystal,
44.1,61.2,crystal,
45.5,61.2,crystal,
53.9,61.2,crystal,
20.2,61.4,crystal,
56.1,61.6,crystal,
45.9,61.5,crystal,
16.4,61.7,crystal,
69,61.8,crystal,
25.3,61.8,crystal,
47.1,61.9,crystal,
45.8,62,crystal,
12.7,62.1,crystal,
50.1,62.3,crystal,
55.1,62.5,crystal,
11.8,62.7,crystal,
10.1,64.4,crystal,
26,64.5,crystal,
76.7,64.6,crystal,
18.3,64.9,crystal,
17.6,65.3,crystal,
54.3,65.6,crystal,
60.9,65.8,crystal,
46.6,65.9,crystal,
73.3,66.3,crystal,
26.5,66.8,crystal,
79.6,67.3,crystal,
83.7,67.2,crystal,
11.9,67.8,crystal,
21.4,67.9,crystal,
75.3,68,crystal,
87.1,68,crystal,
53.2,68.2,crystal,
72.6,68.3,crystal,
67.5,68.8,crystal,
32,69.1,crystal,
89.2,69.3,crystal,
17.2,69.5,crystal,
53.5,70.6,crystal,
60.4,70.8,crystal,
40.7,70.9,crystal,
16.4,71.2,crystal,
25.7,71.4,crystal,
37,71.3,crystal,
66.6,71.8,crystal,
75.5,72.1,crystal,
36.7,72.1,crystal,
34.2,72.4,crystal,
37.2,72.5,crystal,
85.5,73.1,crystal,
88.5,73.2,crystal,
93.1,73.3,crystal,
60.7,73.3,crystal,
67.7,73.4,crystal,
9.6,73.4,crystal,
58.3,73.4,crystal,
71.3,73.6,crystal,
18.5,73.7,crystal,
32.3,74.3,crystal,
30.4,74.4,crystal,
65.6,74.8,crystal,
19.2,74.9,crystal,
69.5,75,crystal,
35.1,75.1,crystal,
23.2,75.3,crystal,
30,75.3,crystal,
59.3,75.6,crystal,
89.6,75.9,crystal,
60.4,76.3,crystal,
15.4,76.3,crystal,
70.7,76.4,crystal,
73.4,76.4,crystal,
63.9,76.6,crystal,
58.9,76.8,crystal,
27.4,77.1,crystal,
41,77.4,crystal,
71.8,77.7,crystal,
81.6,77.8,crystal,
22.1,77.8,crystal,
73.1,78,crystal,
74.9,78,crystal,
12.3,78.3,crystal,
80.4,78.5,crystal,
34.2,78.8,crystal,
83.9,78.8,crystal,
60.6,78.9,crystal,
21.3,79.4,crystal,
69.8,79.4,crystal,
86.8,79.4,crystal,
65.8,79.4,crystal,
79.6,79.5,crystal,
78,79.6,crystal,
73.5,79.7,crystal,
19.1,79.9,crystal,
12,80,crystal,
15.1,80,crystal,
76.6,80.1,crystal,
67,80.1,crystal,
56,80.4,crystal,
34.9,80.4,crystal,
14.6,80.7,crystal,
66.6,80.7,crystal,
70.4,81.2,crystal,
9.2,82.2,crystal,
22.3,82.4,crystal,
9.9,82.8,crystal,
19.6,82.9,crystal,
23.6,83.3,crystal,
67.7,83.6,crystal,
73.5,83.9,crystal,
61.3,84.1,crystal,
22,84.6,crystal,
52.7,84.6,crystal,
42,84.7,crystal,
60.3,85.6,crystal,
14.1,85.7,crystal,
71.7,85.8,crystal,
26.7,86.3,crystal,
39.2,86.7,crystal,
20.3,86.9,crystal,
20.8,87.4,crystal,
87.7,87.5,crystal,
89.3,87.7,crystal,
60.9,87.8,crystal,
87.4,87.9,crystal,
16.5,88.2,crystal,
42.6,88.4,crystal,
20.1,88.5,crystal,
71.3,88.5,crystal,
21.3,88.5,crystal,
81.4,88.5,crystal,
22.8,88.6,crystal,
73.1,88.6,crystal,
45.9,88.8,crystal,
20.1,89.2,crystal,
15.9,89.3,crystal,
21.5,90.1,crystal,
16.5,90.5,crystal,
54.8,91,crystal,
58.5,91.1,crystal,
20,91.5,crystal,
49.4,7.9,metal,
48.9,8,metal,
64.7,8.6,metal,
20.1,8.7,metal,
68.1,9,metal,
62.8,9,metal,
16,9.1,metal,
42.8,9.2,metal,
72,9.2,metal,
73.6,9.2,metal,
72.7,9.5,metal,
14.6,10.4,metal,
24,10.2,metal,
52.7,10.2,metal,
22.9,10.5,metal,
51.1,10.6,metal,
19.8,10.8,metal,
59.5,10.9,metal,
57.1,10.9,metal,
31.2,11.7,metal,
28.4,11.8,metal,
70.7,12,metal,
34.8,12.3,metal,
18.6,12.5,metal,
71.9,12.7,metal,
29.6,12.8,metal,
13.2,12.8,metal,
11.1,13,metal,
52,13,metal,
20.9,13.1,metal,
12.2,13.2,metal,
42.1,13.2,metal,
26.6,13.6,metal,
22.9,13.6,metal,
31.9,13.9,metal,
25.8,13.9,metal,
27.2,14.8,metal,
14.9,14.8,metal,
15.9,14.8,metal,
29.1,15.3,metal,
36,15,metal,
24.1,15.8,metal,
27.8,16,metal,
42.8,15.9,metal,
62.4,16.1,metal,
31.5,16.4,metal,
62.4,16.7,metal,
10.6,16.8,metal,
23.7,16.8,metal,
65.5,17.3,metal,
9.9,17.1,metal,
7.2,17.1,metal,
35.5,17.2,metal,
66.5,17.3,metal,
53.5,17.3,metal,
12.9,17.8,metal,
11.7,18.2,metal,
56.4,18.2,metal,
17,18.6,metal,
14.2,18.7,metal,
11.2,18.8,metal,
12.8,18.9,metal,
35.7,19.1,metal,
15.8,19.2,metal,
34,19.3,metal,
25.6,19.5,metal,
7.6,19.8,metal,
24.9,20.5,metal,
13.3,20.8,metal,
73.6,20.8,metal,
24.3,20.9,metal,
24.7,21.1,metal,
10.7,21.1,metal,
16.8,21.2,metal,
24.4,21.3,metal,
32.5,21.8,metal,
16.2,21.9,metal,
23.6,22.1,metal,
50,22.3,metal,
27.7,22.5,metal,
28.7,22.4,metal,
49.2,22.4,metal,
26.6,22.5,metal,
27,22.6,metal,
34.7,22.7,metal,
33.2,22.9,metal,
51.4,23.1,metal,
17,23.4,metal,
27.1,23.3,metal,
18.1,23.6,metal,
51.7,23.7,metal,
17,23.8,metal,
30.8,24.1,metal,
10.8,24.1,metal,
48,24.6,metal,
10.3,24.7,metal,
17.6,24.8,metal,
28.8,25.1,metal,
18.2,24.9,metal,
72.8,24.9,metal,
47.8,25.1,metal,
18.3,25.9,metal,
30.6,25.9,metal,
13.1,26,metal,
17.7,26.4,metal,
19.6,26.5,metal,
19.9,26.6,metal,
29.2,26.9,metal,
14.2,26.9,metal,
24.6,26.9,metal,
19.4,27.1,metal,
51.7,27.4,metal,
23,27.8,metal,
26.5,27.9,metal,
66.7,27.9,metal,
21.5,27.9,metal,
50.3,28,metal,
72.2,28.3,metal,
67.7,28.3,metal,
11.8,28.3,metal,
22.8,28.5,metal,
9.8,28.6,metal,
18.9,28.6,metal,
16.6,28.6,metal,
25.4,29,metal,
11.3,29.1,metal,
53.7,29.2,metal,
17.7,29.3,metal,
19.7,29.7,metal,
8.1,30.3,metal,
10.4,30.4,metal,
22.4,30.3,metal,
20.8,30.4,metal,
53.7,30.4,metal,
22.8,30.5,metal,
24.7,30.5,metal,
26.7,30.7,metal,
30.1,30.8,metal,
55.7,30.8,metal,
16.8,31.1,metal,
12,31.8,metal,
55.5,32.1,metal,
27,32.4,metal,
60.6,32.5,metal,
29,32.7,metal,
55.9,32.7,metal,
26.4,33.2,metal,
12.3,33.5,metal,
24.9,33.7,metal,
9.2,33.7,metal,
14.7,34.1,metal,
51.8,34.4,metal,
53.2,34.4,metal,
12.3,34.8,metal,
51.5,34.8,metal,
13.1,34.9,metal,
45,34.9,metal,
16.2,35,metal,
56.6,35.2,metal,
46.3,35.6,metal,
62.9,36,metal,
69.1,36.2,metal,
44.2,36.3,metal,
53.6,36.4,metal,
30.5,36.5,metal,
72.6,36.4,metal,
52.4,36.5,metal,
46.4,36.6,metal,
48.4,36.6,metal,
26.7,36.9,metal,
62.9,36.8,metal,
52.9,37,metal,
45.4,37.1,metal,
59,37.1,metal,
46,37.2,metal,
52.7,37.7,metal,
41.5,38,metal,
72.2,38.3,metal,
58.3,39,metal,
42.7,39.1,metal,
49.2,39.4,metal,
51.9,39.6,metal,
28.2,39.9,metal,
46.3,39.9,metal,
60,40,metal,
66.4,40.6,metal,
60.8,40.4,metal,
52,40.5,metal,
54.1,40.6,metal,
74.1,40.6,metal,
47.7,41.1,metal,
41.2,41.1,metal,
54.6,41.4,metal,
75,42.2,metal,
54,42.2,metal,
74.4,42.2,metal,
76.5,42.3,metal,
40.4,42.3,metal,
76,42.4,metal,
40.7,42.3,metal,
72.1,42.4,metal,
48.8,42.5,metal,
33.4,42.8,metal,
83.8,42.8,metal,
27,42.8,metal,
54,42.8,metal,
54.4,43.2,metal,
85.6,43,metal,
75.2,43,metal,
77.3,43.1,metal,
26.7,43.4,metal,
70,43.3,metal,
84.2,43.5,metal,
75,43.8,metal,
66,43.8,metal,
85,44,metal,
72.9,44.2,metal,
61.4,44.2,metal,
40.1,44.3,metal,
45.1,44.5,metal,
76.9,44.6,metal,
41.7,44.6,metal,
83.4,44.6,metal,
71.9,44.7,metal,
59.4,44.7,metal,
78.5,44.9,metal,
73.1,44.9,metal,
26.3,44.9,metal,
76.1,45.2,metal,
80.9,45.3,metal,
56.3,45.6,metal,
52.1,45.7,metal,
75.9,45.8,metal,
82.4,45.8,metal,
58.8,45.8,metal,
71.4,46,metal,
81.7,46,metal,
41.4,46.2,metal,
83.5,46.4,metal,
70.2,46.5,metal,
65,46.5,metal,
40.2,46.5,metal,
45.1,46.6,metal,
69.6,46.7,metal,
76.8,46.7,metal,
66.7,46.7,metal,
78.1,46.8,metal,
43,46.7,metal,
79.7,46.9,metal,
26.3,47,metal,
58.4,47,metal,
76.2,47.2,metal,
78.5,47.5,metal,
60.1,47.8,metal,
66.1,47.9,metal,
67.5,48,metal,
77.4,48.2,metal,
71.2,48.2,metal,
58.3,48.3,metal,
26.5,48.8,metal,
75.6,48.8,metal,
61.1,48.9,metal,
73.2,49.5,metal,
77.3,49.4,metal,
73.4,49.6,metal,
75.6,49.7,metal,
78.6,49.7,metal,
48.7,49.8,metal,
57.1,49.9,metal,
58.5,50,metal,
60.8,50.2,metal,
75.2,50.3,metal,
79.2,50.7,metal,
64.8,50.7,metal,
78.6,50.9,metal,
68.4,51,metal,
54.6,51,metal,
60.4,51.1,metal,
58.8,51.3,metal,
41,51.3,metal,
44.1,51.5,metal,
26.4,51.8,metal,
52.4,51.8,metal,
49.8,51.9,metal,
83.5,52.1,metal,
60,52.2,metal,
77.7,52.2,metal,
81.7,52.3,metal,
78.3,52.3,metal,
82.6,52.4,metal,
71.7,52.6,metal,
78.7,52.7,metal,
84.9,52.7,metal,
79.6,53,metal,
59.5,53.5,metal,
54.1,53.7,metal,
87.9,53.9,metal,
45,54,metal,
42.9,54.1,metal,
80.1,54.5,metal,
88.3,54.4,metal,
80.4,54.4,metal,
89.2,54.5,metal,
80.7,54.9,metal,
90.4,55.2,metal,
69.5,55.1,metal,
76.5,55.1,metal,
68.3,55.2,metal,
78.6,55.4,metal,
50.9,55.6,metal,
46.7,55.7,metal,
63.9,55.9,metal,
57.6,56,metal,
86.7,56.2,metal,
83.1,56.3,metal,
51,56.4,metal,
87.3,56.5,metal,
51.3,56.7,metal,
73.2,56.9,metal,
81.5,56.8,metal,
32.7,56.9,metal,
53.7,56.9,metal,
68.5,57,metal,
44.7,57.1,metal,
49.8,57.1,metal,
28.3,57.4,metal,
77.8,57.4,metal,
63.1,57.5,metal,
88.8,57.6,metal,
46.7,57.7,metal,
78.4,57.8,metal,
47,57.9,metal,
35.4,58.4,metal,
34.3,58.5,metal,
38.3,58.6,metal,
39.4,58.6,metal,
26.5,59,metal,
51.5,59,metal,
38.5,59.2,metal,
29.3,59.3,metal,
48,60.1,metal,
35.2,60.6,metal,
46.9,60.8,metal,
40.4,60.8,metal,
57.8,60.9,metal,
45.2,60.9,metal,
44.6,61,metal,
58,61.3,metal,
40.4,61.3,metal,
47.4,61.5,metal,
55.2,61.6,metal,
27.1,62,metal,
34.2,62,metal,
33.8,62.4,metal,
32,62.4,metal,
46.9,62.9,metal,
73.5,63.5,metal,
53.7,63.7,metal,
72.6,63.7,metal,
45.3,63.7,metal,
75.5,63.9,metal,
60,64.3,metal,
62.1,64.5,metal,
71.6,64.6,metal,
70.9,64.7,metal,
24.7,64.9,metal,
46.2,65,metal,
72.2,65.1,metal,
54.2,65.1,metal,
25.2,65.9,metal,
55.4,66,metal,
71.4,66.3,metal,
63.2,66.4,metal,
25.6,66.6,metal,
86.3,66.8,metal,
19.9,67,metal,
60.8,67,metal,
71.7,67,metal,
49.1,67.1,metal,
25.9,67.1,metal,
26.7,67.2,metal,
88.1,67.3,metal,
67.1,67.3,metal,
17.7,67.6,metal,
47.5,67.9,metal,
45.8,68.3,metal,
14.9,68.2,metal,
17.2,68.1,metal,
87.3,68.3,metal,
22.6,68.3,metal,
67.8,68.5,metal,
29.6,68.5,metal,
28.9,68.6,metal,
14.8,68.9,metal,
88.6,68.9,metal,
31.7,69,metal,
54.2,69.1,metal,
61,69.1,metal,
25.3,69.2,metal,
12.1,69.7,metal,
52.4,69.7,metal,
70.9,69.9,metal,
52,70.2,metal,
12.1,70.2,metal,
46.8,70.3,metal,
37.5,71.3,metal,
34.4,71.4,metal,
52.3,71.5,metal,
51.4,71.9,metal,
81.4,71.9,metal,
59.9,72,metal,
33.8,72.2,metal,
21.3,72.4,metal,
72,72.5,metal,
25.5,72.9,metal,
19.9,73.1,metal,
59.2,73.2,metal,
88.4,73.3,metal,
32.9,73.4,metal,
67.6,73.5,metal,
53.1,73.5,metal,
34.1,73.6,metal,
65.2,73.6,metal,
27.1,73.7,metal,
18.4,73.7,metal,
35.1,74.2,metal,
40.3,74.7,metal,
8.4,75,metal,
65.8,75.1,metal,
67.9,75.2,metal,
21.2,75.3,metal,
13.7,75.5,metal,
8,75.7,metal,
59.6,75.9,metal,
89.5,75.8,metal,
33.3,75.9,metal,
86.8,75.9,metal,
13.3,75.9,metal,
70.5,76,metal,
16,76.1,metal,
22.3,76.2,metal,
32.6,76.5,metal,
35.3,76.9,metal,
75.6,77,metal,
85.4,77.1,metal,
41.1,77.4,metal,
30.1,77.6,metal,
15.1,77.7,metal,
68.1,77.7,metal,
8.6,78,metal,
41.1,78.2,metal,
10.9,78.5,metal,
89.8,78.5,metal,
33.1,78.5,metal,
33.6,78.6,metal,
16.9,78.7,metal,
28,78.7,metal,
60.8,78.8,metal,
58.7,79.2,metal,
22.7,79.1,metal,
65.9,79.3,metal,
79.5,79.4,metal,
30.5,79.4,metal,
29.3,79.5,metal,
61,79.5,metal,
27,79.6,metal,
89.2,79.7,metal,
53.8,79.9,metal,
65.3,79.8,metal,
74.8,79.8,metal,
65.3,80.3,metal,
68,80.5,metal,
66.2,80.8,metal,
76.1,81.1,metal,
70.4,81.2,metal,
76.6,81.3,metal,
9.2,81.5,metal,
90.7,81.9,metal,
16.5,81.9,metal,
86,82.2,metal,
26.8,82.4,metal,
68.2,82.5,metal,
67,82.5,metal,
38.9,82.8,metal,
46.6,82.8,metal,
80.4,83.2,metal,
58.6,83.4,metal,
75.6,83.4,metal,
61.1,83.7,metal,
25.8,84.1,metal,
70,84.2,metal,
72.1,84.3,metal,
69.7,84.4,metal,
83.5,84.6,metal,
34.4,84.7,metal,
68.5,84.6,metal,
39.9,85,metal,
28.8,85,metal,
27.8,85.1,metal,
72.6,85.2,metal,
58.4,85.2,metal,
46,85.6,metal,
28.2,85.5,metal,
75.6,85.8,metal,
60.3,85.9,metal,
42.6,86,metal,
26.1,86.2,metal,
39.1,86.3,metal,
70,86.4,metal,
62.7,86.4,metal,
72.7,86.5,metal,
43,86.6,metal,
43.1,87.1,metal,
20.7,87.2,metal,
27.5,87.1,metal,
43.2,88.1,metal,
25.1,88.2,metal,
42.8,88.2,metal,
84.3,88.2,metal,
21.7,88.2,metal,
77.6,88.5,metal,
25.8,88.8,metal,
70,88.9,metal,
63.3,89,metal,
73.4,89.1,metal,
81.4,89.2,metal,
58.8,89.5,metal,
46.2,89.6,metal,
74.9,89.7,metal,
77.4,90.2,metal,
80.5,90.8,metal,
43.6,91,metal,
60.1,91.4,metal,
48.9,91.6,metal,
47.9,91.7,metal,
45.6,91.8,metal,
46.7,91.9,metal,
47.4,92,metal,
49.6,92.1,metal,
44.4,92,metal,
46.5,92.2,metal,
49.3,7.8,metal_rich,
86.8,7.8,metal_rich,
55.8,8.1,metal_rich,
89.2,8.5,metal_rich,
64.7,8.6,metal_rich,
60.4,8.6,metal_rich,
20.1,8.7,metal_rich,
86.2,8.8,metal_rich,
83.4,8.8,metal_rich,
62.8,8.9,metal_rich,
68.1,8.9,metal_rich,
69.9,8.9,metal_rich,
72,9.2,metal_rich,
78.7,9.1,metal_rich,
73.5,9.2,metal_rich,
42.9,9.3,metal_rich,
27.3,9.5,metal_rich,
72.6,9.4,metal_rich,
83.5,9.5,metal_rich,
74.8,9.7,metal_rich,
89.4,9.8,metal_rich,
82.8,10,metal_rich,
52.6,10.3,metal_rich,
39,10.4,metal_rich,
51.1,10.6,metal_rich,
44.6,10.6,metal_rich,
79.7,10.8,metal_rich,
59.7,10.9,metal_rich,
57.1,11,metal_rich,
52.5,11.1,metal_rich,
86,11.2,metal_rich,
17.6,11.1,metal_rich,
33.6,11.3,metal_rich,
81.2,11.6,metal_rich,
86.3,11.8,metal_rich,
28.5,11.8,metal_rich,
84.9,11.9,metal_rich,
35,12,metal_rich,
36,11.9,metal_rich,
70.6,12,metal_rich,
52.5,12,metal_rich,
77.8,12,metal_rich,
53.4,12.1,metal_rich,
90.1,12.1,metal_rich,
77.2,12.2,metal_rich,
17.5,12.4,metal_rich,
79.8,12.3,metal_rich,
81,12.4,metal_rich,
71.9,12.7,metal_rich,
57.8,12.7,metal_rich,
35.4,12.8,metal_rich,
72.9,12.8,metal_rich,
77,12.9,metal_rich,
52.1,13,metal_rich,
11.1,13,metal_rich,
14.3,13.1,metal_rich,
42,13.2,metal_rich,
90.9,13.5,metal_rich,
26.9,13.6,metal_rich,
79.1,13.5,metal_rich,
87.7,13.8,metal_rich,
73.3,13.7,metal_rich,
90,13.9,metal_rich,
26,13.9,metal_rich,
82.7,13.9,metal_rich,
32,14,metal_rich,
84.2,14,metal_rich,
27.4,14.1,metal_rich,
27.2,14.2,metal_rich,
30.2,14.2,metal_rich,
29,14.8,metal_rich,
27.4,14.8,metal_rich,
11.6,15.1,metal_rich,
13.3,15.4,metal_rich,
29.3,15.7,metal_rich,
77.5,15.6,metal_rich,
89.7,15.7,metal_rich,
86.4,15.8,metal_rich,
42.7,15.9,metal_rich,
86.2,15.9,metal_rich,
11.4,16.2,metal_rich,
66.8,16.2,metal_rich,
62.6,16.1,metal_rich,
75.5,16.4,metal_rich,
62.3,16.7,metal_rich,
87.7,16.7,metal_rich,
10.6,16.8,metal_rich,
72.7,17.1,metal_rich,
23.7,17,metal_rich,
7.1,17,metal_rich,
65.6,17.4,metal_rich,
35.5,17.1,metal_rich,
53.7,17.4,metal_rich,
66.5,17.4,metal_rich,
82.5,17.6,metal_rich,
81.6,17.6,metal_rich,
12.9,17.7,metal_rich,
11.2,17.9,metal_rich,
56.3,18.1,metal_rich,
66.6,18.2,metal_rich,
11.2,18.3,metal_rich,
89.7,18.4,metal_rich,
13.7,18.7,metal_rich,
81.1,18.7,metal_rich,
10.9,18.8,metal_rich,
75.4,18.9,metal_rich,
15.6,19,metal_rich,
34.4,19.1,metal_rich,
12.7,19.1,metal_rich,
87.5,19.1,metal_rich,
14.7,19.4,metal_rich,
88.1,19.3,metal_rich,
89.3,19.4,metal_rich,
86.9,19.4,metal_rich,
76.6,20,metal_rich,
86.2,20,metal_rich,
81.6,20,metal_rich,
32.7,20.1,metal_rich,
83.1,20.2,metal_rich,
85.9,20.2,metal_rich,
84,20.5,metal_rich,
73.6,20.7,metal_rich,
86.3,20.9,metal_rich,
10.7,21,metal_rich,
24.7,21.2,metal_rich,
24.4,21.4,metal_rich,
83.6,21.5,metal_rich,
13.7,21.8,metal_rich,
35.9,21.9,metal_rich,
16.1,21.9,metal_rich,
10.1,22.1,metal_rich,
81.2,22.5,metal_rich,
36.2,22.7,metal_rich,
75.4,22.6,metal_rich,
86.7,22.8,metal_rich,
9.9,22.9,metal_rich,
33.4,23.1,metal_rich,
87.2,23.2,metal_rich,
27.2,23.4,metal_rich,
10.3,23.8,metal_rich,
12.2,24.2,metal_rich,
75.1,24.1,metal_rich,
87.2,24.1,metal_rich,
10.7,24.2,metal_rich,
78.7,24.2,metal_rich,
82.4,24.2,metal_rich,
83.7,24.3,metal_rich,
10.4,24.5,metal_rich,
89.2,24.5,metal_rich,
73,24.8,metal_rich,
15.2,24.7,metal_rich,
17.7,24.7,metal_rich,
88.3,24.9,metal_rich,
82,24.8,metal_rich,
28.7,25.1,metal_rich,
50.1,25.1,metal_rich,
77.5,25.2,metal_rich,
85.8,25.3,metal_rich,
30.7,25.7,metal_rich,
75.2,25.9,metal_rich,
18.3,25.8,metal_rich,
87.3,26,metal_rich,
87.9,26,metal_rich,
13,26.2,metal_rich,
80.5,26.5,metal_rich,
18,26.5,metal_rich,
69.8,26.6,metal_rich,
84.1,26.7,metal_rich,
78.9,26.8,metal_rich,
53.4,26.9,metal_rich,
14.2,26.9,metal_rich,
19.4,27,metal_rich,
51.8,27.3,metal_rich,
83,27.6,metal_rich,
77.3,27.6,metal_rich,
13.1,27.7,metal_rich,
23,27.7,metal_rich,
73.9,27.7,metal_rich,
38,27.8,metal_rich,
14.9,27.8,metal_rich,
26.6,27.8,metal_rich,
38.5,27.8,metal_rich,
66.6,27.9,metal_rich,
50.5,27.9,metal_rich,
67.6,28.2,metal_rich,
72.2,28.3,metal_rich,
81.8,28.4,metal_rich,
37.7,28.4,metal_rich,
14,28.5,metal_rich,
14.7,28.6,metal_rich,
81.9,28.9,metal_rich,
82,29,metal_rich,
11.3,29,metal_rich,
82.5,29,metal_rich,
68.7,29,metal_rich,
62.8,29.2,metal_rich,
76.3,29.2,metal_rich,
55.5,29.2,metal_rich,
82.5,29.7,metal_rich,
84.9,29.8,metal_rich,
85.4,29.9,metal_rich,
83.6,30.1,metal_rich,
76.2,30,metal_rich,
31,30.2,metal_rich,
11.5,30.3,metal_rich,
26.9,30.3,metal_rich,
74,30.3,metal_rich,
56.6,30.5,metal_rich,
10.4,30.4,metal_rich,
26,30.8,metal_rich,
44.9,30.7,metal_rich,
31.4,30.9,metal_rich,
15.4,30.8,metal_rich,
73.9,30.8,metal_rich,
16.9,31.3,metal_rich,
34.4,31.4,metal_rich,
78.2,31.5,metal_rich,
77.8,31.5,metal_rich,
85.2,31.7,metal_rich,
84,31.8,metal_rich,
85.6,31.9,metal_rich,
11.8,31.8,metal_rich,
83.2,32.2,metal_rich,
10.4,32.2,metal_rich,
10.8,32.4,metal_rich,
60.5,32.4,metal_rich,
84.6,32.4,metal_rich,
36.7,32.7,metal_rich,
74.6,32.8,metal_rich,
85,32.9,metal_rich,
86.7,33.1,metal_rich,
16.1,33.5,metal_rich,
85.7,33.4,metal_rich,
82.3,33.6,metal_rich,
9.3,33.7,metal_rich,
76.1,33.7,metal_rich,
84.9,33.8,metal_rich,
11.8,34.1,metal_rich,
21,34.2,metal_rich,
84,34.7,metal_rich,
18,34.6,metal_rich,
13.2,34.9,metal_rich,
74.8,34.9,metal_rich,
12.5,35,metal_rich,
14.5,35.2,metal_rich,
73.7,35.4,metal_rich,
19.7,35.5,metal_rich,
72,35.7,metal_rich,
82.9,35.8,metal_rich,
73.3,35.8,metal_rich,
18.6,35.9,metal_rich,
63,35.8,metal_rich,
21.6,36.1,metal_rich,
69.1,36.1,metal_rich,
41.9,36,metal_rich,
72.5,36.5,metal_rich,
19.1,36.7,metal_rich,
79.9,36.6,metal_rich,
26.5,36.8,metal_rich,
22,36.8,metal_rich,
68.6,36.8,metal_rich,
23.1,36.9,metal_rich,
62.9,36.9,metal_rich,
83.4,37,metal_rich,
52.9,37.1,metal_rich,
70.3,37.2,metal_rich,
15.7,37.4,metal_rich,
80.5,38.1,metal_rich,
18,38.1,metal_rich,
19.5,38.2,metal_rich,
53.5,38.2,metal_rich,
67.2,38.3,metal_rich,
22,38.3,metal_rich,
84.3,38.5,metal_rich,
72.4,38.5,metal_rich,
78.2,38.6,metal_rich,
21.6,38.6,metal_rich,
79.9,38.6,metal_rich,
83.7,38.8,metal_rich,
21,38.8,metal_rich,
19.7,38.9,metal_rich,
49.8,39.1,metal_rich,
14.3,39.1,metal_rich,
84.4,39.2,metal_rich,
79.3,39.5,metal_rich,
16.1,39.6,metal_rich,
74.5,39.8,metal_rich,
79.4,39.9,metal_rich,
52.6,40.3,metal_rich,
16.4,40.2,metal_rich,
83.9,40.4,metal_rich,
52.2,40.4,metal_rich,
81.4,40.4,metal_rich,
29.7,40.7,metal_rich,
54.1,40.6,metal_rich,
74,40.7,metal_rich,
28.7,40.8,metal_rich,
64.8,40.7,metal_rich,
53.3,41.1,metal_rich,
1.6,41.2,metal_rich,
74.5,41.5,metal_rich,
76.2,41.4,metal_rich,
27.8,41.6,metal_rich,
72.3,41.9,metal_rich,
1.5,41.7,metal_rich,
27.8,42.2,metal_rich,
39.9,42.2,metal_rich,
33.9,42.4,metal_rich,
53.9,42.5,metal_rich,
0.8,42.6,metal_rich,
27.7,42.6,metal_rich,
33.3,42.9,metal_rich,
27.1,43,metal_rich,
14,43.1,metal_rich,
27,43.4,metal_rich,
41.5,43.7,metal_rich,
11.8,43.7,metal_rich,
66,43.7,metal_rich,
29.5,43.8,metal_rich,
16.9,44,metal_rich,
13.3,44.2,metal_rich,
61.4,44.2,metal_rich,
58.8,44.7,metal_rich,
14.9,44.9,metal_rich,
26.4,44.9,metal_rich,
62,45.5,metal_rich,
11.5,45.8,metal_rich,
58.6,45.9,metal_rich,
59.9,46.1,metal_rich,
71.4,46.1,metal_rich,
40.1,46.1,metal_rich,
12.6,46.2,metal_rich,
65.1,46.5,metal_rich,
70.2,46.5,metal_rich,
61,46.5,metal_rich,
66.4,46.6,metal_rich,
21.7,46.7,metal_rich,
10.3,46.8,metal_rich,
8.3,46.7,metal_rich,
69.7,46.8,metal_rich,
26.3,47,metal_rich,
42.3,47,metal_rich,
1,47.2,metal_rich,
2.2,47.2,metal_rich,
9.2,47.1,metal_rich,
8.7,47.2,metal_rich,
10.7,47.2,metal_rich,
29.2,47.4,metal_rich,
7.5,47.4,metal_rich,
10.2,47.5,metal_rich,
9.1,47.7,metal_rich,
24.1,47.8,metal_rich,
67.4,47.9,metal_rich,
7.2,47.8,metal_rich,
66.1,47.9,metal_rich,
23.3,48,metal_rich,
4.9,47.9,metal_rich,
12,48,metal_rich,
1.6,48.1,metal_rich,
15.6,48.2,metal_rich,
7.6,48.2,metal_rich,
12.9,48.3,metal_rich,
11.9,48.4,metal_rich,
9.3,48.4,metal_rich,
61,48.5,metal_rich,
59.2,48.5,metal_rich,
9.7,48.8,metal_rich,
26.6,48.9,metal_rich,
20.7,48.9,metal_rich,
10.4,48.9,metal_rich,
12.7,48.9,metal_rich,
23.8,49.2,metal_rich,
10.2,49.1,metal_rich,
15.6,49,metal_rich,
22.3,49.1,metal_rich,
12.5,49.5,metal_rich,
24.2,49.4,metal_rich,
59.7,49.4,metal_rich,
73.3,49.4,metal_rich,
73.3,49.5,metal_rich,
55.3,49.7,metal_rich,
15.4,49.9,metal_rich,
12.9,49.9,metal_rich,
58.6,49.9,metal_rich,
53.8,49.9,metal_rich,
64.6,50.1,metal_rich,
13,50,metal_rich,
60.8,50.1,metal_rich,
22.6,50.3,metal_rich,
12.4,50.2,metal_rich,
19.9,50.3,metal_rich,
13.7,50.7,metal_rich,
14.2,50.6,metal_rich,
17.4,50.8,metal_rich,
20,51.1,metal_rich,
60.5,51.1,metal_rich,
58.5,51.2,metal_rich,
12.9,51.3,metal_rich,
58.7,51.4,metal_rich,
20.3,51.7,metal_rich,
24.7,51.6,metal_rich,
26.3,51.7,metal_rich,
55.6,51.9,metal_rich,
16.2,52.3,metal_rich,
59.9,52.6,metal_rich,
16.7,53,metal_rich,
21.6,53,metal_rich,
58.2,53.4,metal_rich,
23.7,53.5,metal_rich,
59.7,53.5,metal_rich,
58.9,54.3,metal_rich,
23,54.4,metal_rich,
13.3,54.7,metal_rich,
30.1,54.7,metal_rich,
69.5,55,metal_rich,
25.9,55.2,metal_rich,
32.1,55.4,metal_rich,
32.7,55.7,metal_rich,
32,55.8,metal_rich,
63.9,55.8,metal_rich,
21.8,55.8,metal_rich,
68.5,56,metal_rich,
46.5,56.7,metal_rich,
73.3,56.9,metal_rich,
32.7,56.9,metal_rich,
68.4,57.1,metal_rich,
28.2,57.4,metal_rich,
14.8,58.1,metal_rich,
11.1,57.9,metal_rich,
69.9,58.3,metal_rich,
19.5,58.4,metal_rich,
35.4,58.4,metal_rich,
80.3,58.4,metal_rich,
34.4,58.6,metal_rich,
12.1,58.6,metal_rich,
38.4,58.6,metal_rich,
73.2,58.6,metal_rich,
13.9,58.7,metal_rich,
39.2,58.7,metal_rich,
10.7,58.8,metal_rich,
26.5,58.9,metal_rich,
61.1,58.9,metal_rich,
78.4,59,metal_rich,
64.4,59,metal_rich,
38.5,59.1,metal_rich,
54.6,59.2,metal_rich,
68.7,59.2,metal_rich,
29.3,59.4,metal_rich,
62.7,59.4,metal_rich,
24.7,59.4,metal_rich,
20,59.5,metal_rich,
66,59.4,metal_rich,
86.1,59.6,metal_rich,
75.1,59.7,metal_rich,
11.8,60,metal_rich,
11.3,59.9,metal_rich,
24,60.2,metal_rich,
60.1,60.2,metal_rich,
35.3,60.5,metal_rich,
85.3,60.4,metal_rich,
53.6,60.6,metal_rich,
59.8,60.7,metal_rich,
40.3,60.8,metal_rich,
88.8,61,metal_rich,
69,61.1,metal_rich,
53.9,61.2,metal_rich,
19.4,61.1,metal_rich,
44.8,61.2,metal_rich,
45.3,61.2,metal_rich,
40.5,61.5,metal_rich,
22.6,61.5,metal_rich,
25,61.6,metal_rich,
27.1,61.9,metal_rich,
34.2,62,metal_rich,
11.3,62.2,metal_rich,
27.4,62.2,metal_rich,
32,62.3,metal_rich,
11.9,62.7,metal_rich,
59.3,63.8,metal_rich,
9.9,64.2,metal_rich,
25,64.3,metal_rich,
58.9,64.4,metal_rich,
63.6,64.5,metal_rich,
25.8,64.5,metal_rich,
85.7,64.8,metal_rich,
10.2,65,metal_rich,
79,65,metal_rich,
17.6,65.3,metal_rich,
20.2,65.6,metal_rich,
72,65.7,metal_rich,
69.7,66.2,metal_rich,
60.6,66.2,metal_rich,
77.3,66.2,metal_rich,
60.7,66.9,metal_rich,
62.7,67,metal_rich,
86.2,67.2,metal_rich,
21.4,67.6,metal_rich,
52.9,67.9,metal_rich,
72,67.9,metal_rich,
61,68.3,metal_rich,
23.1,68.5,metal_rich,
60.8,68.7,metal_rich,
31.7,69.2,metal_rich,
91.3,70,metal_rich,
20.5,70.7,metal_rich,
60.2,71.1,metal_rich,
48.8,71.1,metal_rich,
37.5,71.3,metal_rich,
59.5,71.9,metal_rich,
11.3,72,metal_rich,
53.7,72.2,metal_rich,
33.9,72.5,metal_rich,
9,72.9,metal_rich,
43.1,73.2,metal_rich,
20.7,73.2,metal_rich,
88.6,73.4,metal_rich,
63.8,73.4,metal_rich,
54.4,73.7,metal_rich,
92.3,73.7,metal_rich,
51.7,74,metal_rich,
35.4,74.1,metal_rich,
33.3,74.5,metal_rich,
69.8,74.4,metal_rich,
35,74.6,metal_rich,
30.8,74.8,metal_rich,
68.3,74.9,metal_rich,
29.9,75.1,metal_rich,
20.4,76,metal_rich,
90.5,76.2,metal_rich,
63.9,76.7,metal_rich,
19.8,76.8,metal_rich,
26.4,77.2,metal_rich,
23.9,77.2,metal_rich,
59.7,77.8,metal_rich,
90.9,77.9,metal_rich,
46.4,78.1,metal_rich,
33.9,78.2,metal_rich,
11.7,78.2,metal_rich,
18.9,78.3,metal_rich,
14.2,78.8,metal_rich,
24.7,78.9,metal_rich,
21.9,79.1,metal_rich,
95.3,79.1,metal_rich,
66.2,79.8,metal_rich,
11.8,79.9,metal_rich,
24.5,80.2,metal_rich,
24.7,80.4,metal_rich,
19.3,80.8,metal_rich,
9.3,81.8,metal_rich,
22.4,82.2,metal_rich,
40.7,82.2,metal_rich,
14.9,82.3,metal_rich,
10.4,82.4,metal_rich,
9.6,82.4,metal_rich,
19.6,82.5,metal_rich,
15.1,82.6,metal_rich,
46.6,82.8,metal_rich,
11.4,82.8,metal_rich,
14.1,82.8,metal_rich,
27,83.1,metal_rich,
23.7,83.2,metal_rich,
11.5,83.3,metal_rich,
21.5,83.3,metal_rich,
11.8,83.8,metal_rich,
15.5,83.8,metal_rich,
12.2,83.9,metal_rich,
13.4,83.9,metal_rich,
28.3,84.2,metal_rich,
30.9,84.4,metal_rich,
56.8,84.6,metal_rich,
10.7,85.1,metal_rich,
19.3,85.1,metal_rich,
29.4,85.2,metal_rich,
89,85.4,metal_rich,
45.9,85.6,metal_rich,
94.3,85.7,metal_rich,
11.8,85.6,metal_rich,
73,85.7,metal_rich,
22,85.8,metal_rich,
42.5,86,metal_rich,
42.1,86,metal_rich,
62.9,86,metal_rich,
28.4,86.1,metal_rich,
19.9,86.2,metal_rich,
21.3,86.5,metal_rich,
14.5,86.7,metal_rich,
43.1,87,metal_rich,
27.3,86.8,metal_rich,
13.5,86.9,metal_rich,
12.9,87.2,metal_rich,
15.1,87.3,metal_rich,
24.2,87.4,metal_rich,
24.4,87.7,metal_rich,
19.2,87.7,metal_rich,
11.9,87.9,metal_rich,
61.1,87.9,metal_rich,
22.2,88.1,metal_rich,
42.9,88.2,metal_rich,
20,88.3,metal_rich,
21.7,88.4,metal_rich,
15.7,88.6,metal_rich,
19.9,88.6,metal_rich,
18.6,88.6,metal_rich,
37.4,88.7,metal_rich,
43.2,88.8,metal_rich,
93.9,89.1,metal_rich,
15.1,89.2,metal_rich,
83.4,89.2,metal_rich,
42.4,89.5,metal_rich,
16,89.4,metal_rich,
43.7,89.4,metal_rich,
71.3,89.5,metal_rich,
20.1,89.7,metal_rich,
46.2,89.7,metal_rich,
96.5,90,metal_rich,
70.9,90.2,metal_rich,
79.6,90.2,metal_rich,
95.9,90.3,metal_rich,
22.5,90.3,metal_rich,
16,90.3,metal_rich,
21.6,90.4,metal_rich,
14.6,90.4,metal_rich,
41.7,90.5,metal_rich,
43.4,90.7,metal_rich,
16.4,90.7,metal_rich,
14.6,90.9,metal_rich,
58.3,91,metal_rich,
19.5,91.1,metal_rich,
38.1,91.1,metal_rich,
43.6,91.2,metal_rich,
39.5,91.4,metal_rich,
45.7,91.7,metal_rich,
43.9,91.7,metal_rich,
49,91.7,metal_rich,
47.5,91.9,metal_rich,
48.5,91.8,metal_rich,
46.7,91.9,metal_rich,
49.6,92.1,metal_rich,
46.6,92.1,metal_rich,
47.6,8.1,obsidian,
68.2,9,obsidian,
88.5,9.9,obsidian,
41.5,10.1,obsidian,
39.1,10.4,obsidian,
42.7,10.8,obsidian,
86,11,obsidian,
85.5,11,obsidian,
14.9,11.4,obsidian,
23.9,11.5,obsidian,
21.6,11.7,obsidian,
84.9,11.7,obsidian,
67,11.8,obsidian,
88.7,12.1,obsidian,
71.8,12.2,obsidian,
81.9,12.5,obsidian,
82.1,13,obsidian,
26.5,13.6,obsidian,
26.9,13.7,obsidian,
84.5,13.8,obsidian,
31.9,13.8,obsidian,
42.7,13.9,obsidian,
82,13.9,obsidian,
88.6,14.1,obsidian,
63.4,14.2,obsidian,
14.3,15.1,obsidian,
87.3,15.4,obsidian,
11.7,15.8,obsidian,
11.3,15.8,obsidian,
42.5,16,obsidian,
67.7,16.4,obsidian,
88.1,16.7,obsidian,
36,17.2,obsidian,
72.5,17.4,obsidian,
11.4,17.4,obsidian,
87.6,17.8,obsidian,
31.6,18.4,obsidian,
86.3,18.4,obsidian,
89.5,18.5,obsidian,
12,18.6,obsidian,
34.5,19.2,obsidian,
30.2,19.6,obsidian,
76.8,19.9,obsidian,
77.6,20,obsidian,
19.8,20.1,obsidian,
12.3,20.3,obsidian,
25,20.3,obsidian,
10.4,20.6,obsidian,
86.4,20.8,obsidian,
32.9,20.7,obsidian,
86.4,20.9,obsidian,
13.2,22.2,obsidian,
67.2,22.3,obsidian,
12.6,22.6,obsidian,
80.3,22.6,obsidian,
69.4,22.6,obsidian,
87.3,22.9,obsidian,
86.5,22.9,obsidian,
65.7,23.5,obsidian,
75.1,23.7,obsidian,
16.9,23.9,obsidian,
75.5,24.3,obsidian,
78.2,24.5,obsidian,
83.8,24.5,obsidian,
82.2,24.6,obsidian,
32.4,24.8,obsidian,
81.9,24.9,obsidian,
18.4,25,obsidian,
85.4,25.3,obsidian,
77.9,25.5,obsidian,
88.1,25.8,obsidian,
87.4,25.9,obsidian,
81.9,26.1,obsidian,
84.4,26.2,obsidian,
13.7,26.5,obsidian,
83.4,26.6,obsidian,
84.6,27.4,obsidian,
66.7,28,obsidian,
77.6,28.4,obsidian,
64.7,28.6,obsidian,
17.1,28.7,obsidian,
81.5,28.9,obsidian,
19.8,29,obsidian,
82.7,29,obsidian,
66.1,29.2,obsidian,
68.1,29.3,obsidian,
10.3,29.4,obsidian,
66.8,29.4,obsidian,
18.5,29.4,obsidian,
45.6,29.6,obsidian,
27.8,30,obsidian,
28.9,30,obsidian,
75.5,30.3,obsidian,
52.1,30.7,obsidian,
74.9,31.1,obsidian,
10.7,31.4,obsidian,
53.3,31.7,obsidian,
77.2,32,obsidian,
81.1,32,obsidian,
77.8,32.2,obsidian,
10.5,32.3,obsidian,
73.6,32.5,obsidian,
84.3,32.6,obsidian,
74.5,32.7,obsidian,
49.9,32.7,obsidian,
84.9,32.8,obsidian,
11.4,33,obsidian,
85.9,33.3,obsidian,
77.2,33.7,obsidian,
19.6,33.7,obsidian,
84.8,33.7,obsidian,
12.7,33.8,obsidian,
83,33.8,obsidian,
18.4,34.2,obsidian,
17.8,34.3,obsidian,
71.4,34.3,obsidian,
21.3,34.4,obsidian,
82.5,34.5,obsidian,
19.9,34.8,obsidian,
55.6,34.9,obsidian,
15.1,34.8,obsidian,
74.8,34.8,obsidian,
12.6,35,obsidian,
70.8,35.3,obsidian,
53.2,36.3,obsidian,
21.3,36.4,obsidian,
52.6,36.6,obsidian,
51.8,36.7,obsidian,
30.4,37,obsidian,
21.9,37.1,obsidian,
2.1,38.1,obsidian,
21.9,38.1,obsidian,
78.6,38.5,obsidian,
21.1,38.9,obsidian,
21.8,38.8,obsidian,
79.6,38.9,obsidian,
78.4,39,obsidian,
19.6,39.1,obsidian,
36.5,39.1,obsidian,
70.3,39.2,obsidian,
79.2,39.4,obsidian,
20.4,39.5,obsidian,
1.8,39.6,obsidian,
74.6,39.7,obsidian,
19.9,39.8,obsidian,
75.3,39.9,obsidian,
73.6,39.9,obsidian,
52.4,40.1,obsidian,
29.5,40.2,obsidian,
30.1,40.4,obsidian,
1.3,40.6,obsidian,
53.5,40.5,obsidian,
73,40.8,obsidian,
52.4,40.9,obsidian,
32.7,41,obsidian,
0.6,41,obsidian,
59.2,41,obsidian,
43.2,41.1,obsidian,
42.1,41.2,obsidian,
74.9,41.2,obsidian,
58.8,41.5,obsidian,
3.9,41.6,obsidian,
76.1,41.7,obsidian,
0.8,41.8,obsidian,
1,42.3,obsidian,
85.4,43.1,obsidian,
82.2,43.1,obsidian,
0.6,43.3,obsidian,
74.8,43.5,obsidian,
83.8,44.1,obsidian,
71.4,44.6,obsidian,
12.6,45,obsidian,
4.1,45.1,obsidian,
4.9,45.4,obsidian,
79,45.3,obsidian,
13.3,45.7,obsidian,
78.5,45.8,obsidian,
82.3,46.1,obsidian,
80.2,46.4,obsidian,
9,46.6,obsidian,
3.3,46.8,obsidian,
78.9,46.9,obsidian,
54,47,obsidian,
2.3,47.3,obsidian,
5.9,47.4,obsidian,
12.4,47.8,obsidian,
2.9,48.3,obsidian,
4.7,48.2,obsidian,
71.1,48.4,obsidian,
79.5,48.7,obsidian,
14.6,49.4,obsidian,
12.8,49.5,obsidian,
78.8,49.6,obsidian,
12,50.2,obsidian,
15.4,50.3,obsidian,
75,50.4,obsidian,
51.3,50.6,obsidian,
15,51.5,obsidian,
50.4,51.4,obsidian,
16.5,51.6,obsidian,
24.7,51.7,obsidian,
17.1,52,obsidian,
17.1,52.5,obsidian,
86.4,52.6,obsidian,
78.4,52.7,obsidian,
83,52.7,obsidian,
81.5,53.1,obsidian,
24.5,53.4,obsidian,
18.7,53.6,obsidian,
24.2,53.8,obsidian,
88.2,53.9,obsidian,
81.7,54,obsidian,
18.6,54.1,obsidian,
80.5,54.1,obsidian,
76.7,54.3,obsidian,
65.6,54.5,obsidian,
88.8,54.5,obsidian,
24.6,54.6,obsidian,
75.2,55,obsidian,
80.5,55.2,obsidian,
24.7,55.1,obsidian,
19.3,55.2,obsidian,
90.4,55.3,obsidian,
22.6,55.2,obsidian,
23.7,55.3,obsidian,
83.2,55.5,obsidian,
25.4,55.4,obsidian,
18.9,56,obsidian,
72.1,56.1,obsidian,
20.8,56.8,obsidian,
68.3,57.1,obsidian,
82.8,57.3,obsidian,
88.6,57.4,obsidian,
73.1,57.8,obsidian,
20.5,57.7,obsidian,
20,57.8,obsidian,
85.8,57.9,obsidian,
17.4,57.9,obsidian,
19.6,58.3,obsidian,
85.5,58.4,obsidian,
75.7,58.3,obsidian,
54.1,58.5,obsidian,
80.1,58.5,obsidian,
14.3,58.5,obsidian,
78.4,58.9,obsidian,
27.7,59,obsidian,
46.3,59,obsidian,
24.9,59.2,obsidian,
33.5,60.1,obsidian,
23.1,60.2,obsidian,
20.1,60.8,obsidian,
68.8,61,obsidian,
53.9,61.2,obsidian,
44.7,61.5,obsidian,
25.1,61.8,obsidian,
16.3,61.8,obsidian,
23.3,61.9,obsidian,
66.8,62.4,obsidian,
11.7,62.4,obsidian,
81,62.6,obsidian,
32.2,62.9,obsidian,
59.3,63.8,obsidian,
35.7,64.3,obsidian,
40,64.8,obsidian,
63.9,65.3,obsidian,
85.4,65.4,obsidian,
72,65.9,obsidian,
77.6,66.2,obsidian,
55.2,66.3,obsidian,
63.8,66.8,obsidian,
62.6,66.9,obsidian,
63.3,67.2,obsidian,
88.2,67.3,obsidian,
72.9,67.5,obsidian,
41.2,68,obsidian,
62.2,68.2,obsidian,
61.6,68.4,obsidian,
28.5,69.4,obsidian,
70.1,69.6,obsidian,
61.4,69.7,obsidian,
58.9,71,obsidian,
89,71.2,obsidian,
53.5,71.8,obsidian,
10.4,72.1,obsidian,
54,72.1,obsidian,
60.8,72.4,obsidian,
41,72.6,obsidian,
8.8,72.9,obsidian,
25.9,73.3,obsidian,
32.8,73.6,obsidian,
60.3,73.8,obsidian,
9.8,74.1,obsidian,
32.2,74.4,obsidian,
40.3,74.5,obsidian,
65.8,74.8,obsidian,
40.6,75.2,obsidian,
23,75.3,obsidian,
59,75.5,obsidian,
64.1,75.5,obsidian,
60.6,75.9,obsidian,
41.4,76,obsidian,
58.7,76.8,obsidian,
29.3,77.1,obsidian,
33,78.3,obsidian,
28.2,78.7,obsidian,
33.5,78.7,obsidian,
30.8,79.4,obsidian,
38.7,79.5,obsidian,
58.4,79.5,obsidian,
66.1,79.5,obsidian,
32.3,79.7,obsidian,
87.8,80.1,obsidian,
39.6,80.1,obsidian,
39.1,80.2,obsidian,
66.8,80.5,obsidian,
16.3,82,obsidian,
40.3,82.2,obsidian,
38.4,82.5,obsidian,
66.4,83.1,obsidian,
25.3,83.2,obsidian,
20.1,83.3,obsidian,
56.6,84.2,obsidian,
10.1,84.6,obsidian,
89.4,84.8,obsidian,
41.6,85.4,obsidian,
25.1,85.4,obsidian,
72.4,85.4,obsidian,
60.1,85.4,obsidian,
16.8,86,obsidian,
20.5,87,obsidian,
71.2,87.4,obsidian,
46.7,88,obsidian,
38.1,88.1,obsidian,
87,88.7,obsidian,
18.6,88.8,obsidian,
19.7,88.8,obsidian,
73.2,88.8,obsidian,
14.2,89.2,obsidian,
37.4,89.4,obsidian,
81.8,89.8,obsidian,
34.5,90.1,obsidian,
83.1,90.3,obsidian,
41.9,90.4,obsidian,
34,90.3,obsidian,
15.7,90.5,obsidian,
16.4,90.7,obsidian,
37.9,91,obsidian,
55.9,91,obsidian,
59.9,91.4,obsidian,
50.7,91.8,obsidian,
89.2,8.9,oil_rock,
44.4,10,oil_rock,
81.3,10,oil_rock,
27.8,10.6,oil_rock,
50.6,10.8,oil_rock,
87.3,10.8,oil_rock,
54.8,11,oil_rock,
52.8,11.1,oil_rock,
37.5,11.4,oil_rock,
77.9,11.6,oil_rock,
89.9,12.2,oil_rock,
69.2,12.7,oil_rock,
88.9,12.8,oil_rock,
42.3,13.3,oil_rock,
88.2,13.5,oil_rock,
17.3,13.4,oil_rock,
90.8,13.8,oil_rock,
89.3,13.8,oil_rock,
90.8,14.2,oil_rock,
15.2,14.3,oil_rock,
83.8,14.6,oil_rock,
88.4,14.8,oil_rock,
89.9,15.7,oil_rock,
16.5,15.8,oil_rock,
86.1,15.9,oil_rock,
42.5,16.6,oil_rock,
88.1,18.2,oil_rock,
86.9,18.3,oil_rock,
14.4,18.8,oil_rock,
15.6,19.2,oil_rock,
83.3,19.3,oil_rock,
86.8,19.5,oil_rock,
87.7,20.1,oil_rock,
83,20.2,oil_rock,
89.1,20.3,oil_rock,
87.7,20.5,oil_rock,
71.5,20.9,oil_rock,
85.1,21.2,oil_rock,
81,21.7,oil_rock,
67,22.2,oil_rock,
86.7,22.4,oil_rock,
82.2,22.8,oil_rock,
86.2,23.4,oil_rock,
82.7,23.4,oil_rock,
51.1,23.4,oil_rock,
44.3,23.6,oil_rock,
73.8,24.1,oil_rock,
83.3,24.4,oil_rock,
89,24.4,oil_rock,
49.6,24.4,oil_rock,
82.3,24.5,oil_rock,
88.2,25.1,oil_rock,
85.4,25.1,oil_rock,
84,26.5,oil_rock,
13.8,27.4,oil_rock,
66.3,27.5,oil_rock,
84.5,27.5,oil_rock,
83,27.9,oil_rock,
14.1,28.3,oil_rock,
72.1,28.4,oil_rock,
66.7,28.4,oil_rock,
17.1,28.8,oil_rock,
81.4,29.1,oil_rock,
68.2,29.2,oil_rock,
18,29.2,oil_rock,
66.2,29.3,oil_rock,
16.1,29.5,oil_rock,
19.9,29.7,oil_rock,
85.3,29.9,oil_rock,
82,30,oil_rock,
67.3,30,oil_rock,
71.3,30.4,oil_rock,
25.2,30.4,oil_rock,
26.4,30.8,oil_rock,
81.5,31.6,oil_rock,
85.4,31.6,oil_rock,
79,32,oil_rock,
73.8,32.5,oil_rock,
83.8,32.5,oil_rock,
84.8,32.9,oil_rock,
11.5,32.9,oil_rock,
77.1,33.5,oil_rock,
12.1,34.5,oil_rock,
15.2,34.5,oil_rock,
17.8,35,oil_rock,
75.2,34.8,oil_rock,
75.8,35.7,oil_rock,
82.8,36.1,oil_rock,
78.3,36.1,oil_rock,
79.9,36.7,oil_rock,
21.3,36.7,oil_rock,
22.9,36.7,oil_rock,
77.7,37,oil_rock,
16.9,37.1,oil_rock,
83.5,37.6,oil_rock,
17.5,37.7,oil_rock,
80.7,38.2,oil_rock,
21.9,38.5,oil_rock,
80.8,38.6,oil_rock,
81.9,38.7,oil_rock,
14.3,39.1,oil_rock,
81.5,39.4,oil_rock,
80,39.7,oil_rock,
16.5,39.6,oil_rock,
78.5,39.9,oil_rock,
75.5,40,oil_rock,
16.2,40.3,oil_rock,
78.7,40.7,oil_rock,
28.4,41.2,oil_rock,
2.2,41.6,oil_rock,
74.9,42,oil_rock,
6.1,42.3,oil_rock,
77.1,42.2,oil_rock,
82.3,42.3,oil_rock,
3.7,42.5,oil_rock,
85.7,42.7,oil_rock,
74.7,42.8,oil_rock,
27.6,42.8,oil_rock,
83.2,43.6,oil_rock,
77.6,43.1,oil_rock,
0.2,43.4,oil_rock,
84.5,43.4,oil_rock,
65.7,43.9,oil_rock,
81.7,44.2,oil_rock,
78.7,44.8,oil_rock,
75.2,44.9,oil_rock,
80,45.2,oil_rock,
76.3,45.2,oil_rock,
81.5,45.2,oil_rock,
70.8,45.3,oil_rock,
2.7,45.6,oil_rock,
74.9,45.7,oil_rock,
81.6,46.2,oil_rock,
2.8,46.4,oil_rock,
79.9,46.4,oil_rock,
23.5,46.6,oil_rock,
76.6,46.7,oil_rock,
21.9,46.8,oil_rock,
1.1,47,oil_rock,
6.7,47,oil_rock,
25.2,47,oil_rock,
4,47.1,oil_rock,
2.3,47.1,oil_rock,
24.3,47.8,oil_rock,
32,47.9,oil_rock,
77.4,48.1,oil_rock,
24.5,49.1,oil_rock,
22.5,49,oil_rock,
27.5,48.8,oil_rock,
20.3,49.2,oil_rock,
23.6,49,oil_rock,
19.2,49.6,oil_rock,
78.7,50.6,oil_rock,
28.4,50.6,oil_rock,
23.7,50.6,oil_rock,
19.9,50.9,oil_rock,
77.5,51,oil_rock,
65.4,51.6,oil_rock,
20.6,52.1,oil_rock,
82.1,51.9,oil_rock,
69.9,52.2,oil_rock,
84.2,52.4,oil_rock,
78.3,52.6,oil_rock,
82.7,52.5,oil_rock,
18.9,53.1,oil_rock,
77.5,53.1,oil_rock,
68.9,53.2,oil_rock,
87.7,53.2,oil_rock,
19.7,53.8,oil_rock,
18.7,54,oil_rock,
18.7,54.8,oil_rock,
67.4,55.4,oil_rock,
17.9,55.8,oil_rock,
73,57.6,oil_rock,
19.5,58.3,oil_rock,
80,58.3,oil_rock,
23.8,58.5,oil_rock,
14.7,58.5,oil_rock,
13.9,58.5,oil_rock,
83.4,59.2,oil_rock,
66,59.6,oil_rock,
36.8,59.5,oil_rock,
64.8,59.7,oil_rock,
75,59.7,oil_rock,
11.1,59.7,oil_rock,
17,59.9,oil_rock,
22.8,60,oil_rock,
86.3,60,oil_rock,
20.1,60.8,oil_rock,
66.3,60.9,oil_rock,
88.1,60.9,oil_rock,
34.6,61.7,oil_rock,
16.5,61.9,oil_rock,
11.7,62.5,oil_rock,
37.5,64,oil_rock,
9.9,64.1,oil_rock,
37.6,67.1,oil_rock,
41.4,79.1,oil_rock,
38.9,79.5,oil_rock,
58.3,81,oil_rock,
61.3,81.6,oil_rock,
40.6,82,oil_rock,
42.2,86.1,oil_rock,
43.3,90.3,oil_rock,
39.1,90.7,oil_rock,
45.3,90.9,oil_rock,
37.9,90.9,oil_rock,
56.2,91.6,oil_rock,
28.7,0.7,river_rock,
23.2,0.2,river_rock,
26.1,1.4,river_rock,
24.7,2.3,river_rock,
29.2,7.9,river_rock,
50.7,12.6,river_rock,
16.8,13.4,river_rock,
26.5,12.7,river_rock,
47.1,12.1,river_rock,
22.7,10.1,river_rock,
29.7,11.7,river_rock,
45.7,14.5,river_rock,
26.2,13.9,river_rock,
43.3,15,river_rock,
27.1,14.2,river_rock,
28,15,river_rock,
41.5,16.5,river_rock,
48.4,18.2,river_rock,
30.5,23,river_rock,
35,18.7,river_rock,
29.1,19.1,river_rock,
42.4,18.6,river_rock,
41.4,21.1,river_rock,
48.7,19.3,river_rock,
34.3,20.7,river_rock,
21,22,river_rock,
30.6,20.8,river_rock,
27.4,20.9,river_rock,
16.9,22.4,river_rock,
14.9,29,river_rock,
36.3,23,river_rock,
38.2,23.7,river_rock,
30.6,23.5,river_rock,
12,24.5,river_rock,
16.5,24.6,river_rock,
13,28.2,river_rock,
47.6,28,river_rock,
26.6,28.6,river_rock,
49.3,29.7,river_rock,
47.9,29.7,river_rock,
46.2,28.6,river_rock,
47,28.6,river_rock,
51.4,29.9,river_rock,
23.9,29.5,river_rock,
78.4,36.3,river_rock,
10,30.5,river_rock,
46,31.1,river_rock,
14.5,32.2,river_rock,
48.1,32,river_rock,
55.6,32,river_rock,
78.9,32.1,river_rock,
55.3,36.8,river_rock,
49.2,32.9,river_rock,
56.2,32.9,river_rock,
46.5,36.3,river_rock,
54.4,33.1,river_rock,
80.7,34.4,river_rock,
47.5,33.9,river_rock,
46.2,34.4,river_rock,
45.2,34.3,river_rock,
48.4,34.5,river_rock,
55.9,35.4,river_rock,
55,35.5,river_rock,
45.2,36,river_rock,
81.7,37.3,river_rock,
45.5,36.2,river_rock,
53.7,36.7,river_rock,
56.8,36.4,river_rock,
75.4,36.4,river_rock,
58.7,37,river_rock,
48.3,37.1,river_rock,
54.9,37,river_rock,
56.9,37.1,river_rock,
48.2,37.3,river_rock,
47,37.1,river_rock,
55.4,37.6,river_rock,
43.6,37.3,river_rock,
52.7,37.5,river_rock,
43.7,39.6,river_rock,
49.3,37.9,river_rock,
44,37.6,river_rock,
53.6,38.1,river_rock,
42.5,37.8,river_rock,
58.7,38,river_rock,
44.4,38,river_rock,
75.7,38.4,river_rock,
50,39.1,river_rock,
46.2,39.5,river_rock,
45.2,40.5,river_rock,
51.1,40,river_rock,
59.6,40.1,river_rock,
46.6,40.4,river_rock,
45.5,40.3,river_rock,
50.3,40.2,river_rock,
46.6,40.6,river_rock,
78.9,41.2,river_rock,
55.9,41.3,river_rock,
46.4,41.2,river_rock,
57.3,41.2,river_rock,
49.6,41.6,river_rock,
51.4,41.7,river_rock,
48.6,41.8,river_rock,
55.3,43.1,river_rock,
55,42,river_rock,
56.9,42,river_rock,
58.1,42.1,river_rock,
55.9,42.1,river_rock,
58.7,42.2,river_rock,
47.2,42.5,river_rock,
47.9,42.4,river_rock,
50.9,43.7,river_rock,
58.1,42.9,river_rock,
57.1,42.7,river_rock,
81.9,43.5,river_rock,
41,42.9,river_rock,
56.6,43.1,river_rock,
80,44.2,river_rock,
42.4,43.4,river_rock,
44,43.3,river_rock,
45.7,43.6,river_rock,
58,43.5,river_rock,
53.5,44.3,river_rock,
83,43.9,river_rock,
57,43.8,river_rock,
57.6,44,river_rock,
55.8,44.9,river_rock,
56.9,44.4,river_rock,
52.8,45,river_rock,
58.4,46,river_rock,
41.6,46.3,river_rock,
60.1,46.1,river_rock,
40.6,45.8,river_rock,
41.3,46.2,river_rock,
42.3,46.4,river_rock,
59.5,46.6,river_rock,
41,47.1,river_rock,
52.8,47,river_rock,
41.9,47.1,river_rock,
43,47.5,river_rock,
50.3,47.3,river_rock,
53.3,47.6,river_rock,
51.6,47.4,river_rock,
57.8,47.6,river_rock,
51.8,47.8,river_rock,
43.5,47.9,river_rock,
57.9,48.6,river_rock,
41.5,48.4,river_rock,
52,48.7,river_rock,
56.6,48.6,river_rock,
42.1,49,river_rock,
44,48.8,river_rock,
57.1,48.9,river_rock,
47,49.2,river_rock,
56.2,48.9,river_rock,
54.9,49.8,river_rock,
52.1,49.3,river_rock,
51.7,49.5,river_rock,
56.7,49.8,river_rock,
42.7,49.7,river_rock,
29.7,52.3,river_rock,
43.4,50,river_rock,
51.2,50,river_rock,
53.6,50.2,river_rock,
53,51.1,river_rock,
51,50.7,river_rock,
45.3,50.6,river_rock,
46.6,50.8,river_rock,
45.2,53.1,river_rock,
45.4,51.4,river_rock,
51.3,51.5,river_rock,
51.1,52.5,river_rock,
44.2,52.9,river_rock,
86.3,53.6,river_rock,
46.3,53.2,river_rock,
19.8,55.9,river_rock,
52.9,54,river_rock,
47.3,54,river_rock,
49.9,54.4,river_rock,
66.5,57.4,river_rock,
52.5,55.6,river_rock,
39.5,55.2,river_rock,
45.1,54.5,river_rock,
46.2,54.3,river_rock,
47.1,54.3,river_rock,
45.9,55,river_rock,
85.8,55.3,river_rock,
49.9,56,river_rock,
44.8,55.9,river_rock,
46.4,56.2,river_rock,
51.1,56.4,river_rock,
45.3,55.8,river_rock,
47.4,56,river_rock,
84.8,57,river_rock,
45.9,56.2,river_rock,
48.8,56.1,river_rock,
38.5,56.6,river_rock,
49.3,56.8,river_rock,
46,56.8,river_rock,
47.3,56.7,river_rock,
45.6,56.8,river_rock,
49.3,57,river_rock,
58.5,57.2,river_rock,
45.2,57.2,river_rock,
49.7,57.5,river_rock,
45.8,57.5,river_rock,
53.6,58.3,river_rock,
55.9,58.3,river_rock,
57.3,58.4,river_rock,
52,58.9,river_rock,
58.5,58.7,river_rock,
46,58.9,river_rock,
49.3,58.9,river_rock,
50.5,58.9,river_rock,
51.2,59.1,river_rock,
50.6,59.6,river_rock,
54.4,60,river_rock,
51.7,59.7,river_rock,
49.8,60.8,river_rock,
45.9,59.8,river_rock,
49.6,60.1,river_rock,
44.2,60.1,river_rock,
52.9,60.6,river_rock,
46.4,60.7,river_rock,
44.6,60.9,river_rock,
54.5,60.9,river_rock,
47.3,61.3,river_rock,
46.9,61,river_rock,
45.5,61.3,river_rock,
57.2,61.3,river_rock,
45.1,61.3,river_rock,
52.6,61.8,river_rock,
45.9,61.6,river_rock,
46.3,61.7,river_rock,
45,61.8,river_rock,
56.5,61.8,river_rock,
53.8,62.2,river_rock,
50.1,62.2,river_rock,
49.1,63.3,river_rock,
55.9,62.3,river_rock,
54.7,62.8,river_rock,
51.2,62.8,river_rock,
45.5,62.9,river_rock,
52.9,62.8,river_rock,
55.7,62.9,river_rock,
54.2,63.5,river_rock,
52,63.7,river_rock,
50.9,63.7,river_rock,
46.8,64.7,river_rock,
45.3,64.6,river_rock,
53.2,64.3,river_rock,
53.9,64.5,river_rock,
50.2,66.2,river_rock,
44.8,64.8,river_rock,
48.9,65.2,river_rock,
45.1,65.9,river_rock,
46.8,66.4,river_rock,
53.7,68.9,river_rock,
51.7,67.7,river_rock,
50.9,68.3,river_rock,
48.2,68.6,river_rock,
49.4,68.3,river_rock,
48.5,68.4,river_rock,
51.3,69.4,river_rock,
49.6,69.1,river_rock,
47.8,69.9,river_rock,
52.2,70,river_rock,
52.1,69.9,river_rock,
48.2,70.8,river_rock,
51.6,71,river_rock,
51.4,71.7,river_rock,
52.2,72,river_rock,
52.7,73.7,river_rock,
49.8,72.3,river_rock,
50.8,73.1,river_rock,
51.7,75.1,river_rock,
51.8,76.2,river_rock,
53.5,82.2,river_rock,
46.2,82,river_rock,